{
  "title": "Empty",
  "name": "empty",
  "version": "2.0.0",
  "description": "Provides an empty project with no forms or resources.",
  "roles": {
    "administrator": {
      "title": "Administrator",
      "description": "A role for Administrative Users.",
      "admin": true,
      "default": false
    },
    "authenticated": {
      "title": "Authenticated",
      "description": "A role for Authenticated Users.",
      "admin": false,
      "default": false
    },
    "anonymous": {
      "title": "Anonymous",
      "description": "A role for Anonymous Users.",
      "admin": false,
      "default": true
    }
  },
  "forms": {},
  "actions": {},
  "resources": {}
}
